<?xml version="1.0" encoding="UTF-8"?>
<project-private xmlns="http://www.netbeans.org/ns/project-private/1">
    <editor-bookmarks xmlns="http://www.netbeans.org/ns/editor-bookmarks/2" lastBookmarkId="0"/>
    <open-files xmlns="http://www.netbeans.org/ns/projectui-open-files/2">
        <group>
            <file>file:/C:/Users/Asif/OneDrive/Documents/NetBeansProjects/student/src/Admin.java</file>
            <file>file:/C:/Users/Asif/OneDrive/Documents/NetBeansProjects/student/src/Homepage.java</file>
            <file>file:/C:/Users/Asif/OneDrive/Documents/NetBeansProjects/student/src/InsertNewResult.java</file>
            <file>file:/C:/Users/Asif/OneDrive/Documents/NetBeansProjects/student/src/ResultLogin.java</file>
            <file>file:/C:/Users/Asif/OneDrive/Documents/NetBeansProjects/student/src/StudentResult.java</file>
            <file>file:/C:/Users/Asif/OneDrive/Documents/NetBeansProjects/student/src/Login.java</file>
            <file>file:/C:/Users/Asif/OneDrive/Documents/NetBeansProjects/student/src/Notice.java</file>
            <file>file:/C:/Users/Asif/OneDrive/Documents/NetBeansProjects/student/src/Books.java</file>
            <file>file:/C:/Users/Asif/OneDrive/Documents/NetBeansProjects/student/src/RegisteredStudentsResult.java</file>
            <file>file:/C:/Users/Asif/OneDrive/Documents/NetBeansProjects/student/src/ClassRoutine.java</file>
            <file>file:/C:/Users/Asif/OneDrive/Documents/NetBeansProjects/student/src/AdminHome.java</file>
            <file>file:/C:/Users/Asif/OneDrive/Documents/NetBeansProjects/student/src/NextClassRoutine.java</file>
            <file>file:/C:/Users/Asif/OneDrive/Documents/NetBeansProjects/student/src/calculator.java</file>
            <file>file:/C:/Users/Asif/OneDrive/Documents/NetBeansProjects/student/src/RegisteredStudent.java</file>
            <file>file:/C:/Users/Asif/OneDrive/Documents/NetBeansProjects/student/src/Developers.java</file>
        </group>
    </open-files>
</project-private>
